Datetime,Water Level (m)
2026-09-27 18:00:00,0.797235
2026-09-27 19:00:00,0.9453856
2026-09-27 20:00:00,0.98882854
2026-09-27 21:00:00,0.8676268
2026-09-27 22:00:00,0.6531326
2026-09-27 23:00:00,0.50070477
2026-09-28 00:00:00,0.36517474
2026-09-28 01:00:00,0.22014254
2026-09-28 02:00:00,0.07340572
2026-09-28 03:00:00,-0.03235941
2026-09-28 04:00:00,0.15976693
2026-09-28 05:00:00,0.5353611
2026-09-28 06:00:00,0.8242967
2026-09-28 07:00:00,0.9725129
2026-09-28 08:00:00,1.0016719
2026-09-28 09:00:00,0.87457395
2026-09-28 10:00:00,0.65796983
2026-09-28 11:00:00,0.499098
2026-09-28 12:00:00,0.3656391
2026-09-28 13:00:00,0.22173582
2026-09-28 14:00:00,0.07676081
2026-09-28 15:00:00,-0.040690333
2026-09-28 16:00:00,0.062931485
2026-09-28 17:00:00,0.43477887
2026-09-28 18:00:00,0.77362263
2026-09-28 19:00:00,0.9707944
2026-09-28 20:00:00,1.0773077
2026-09-28 21:00:00,1.0408472
2026-09-28 22:00:00,0.8378256
2026-09-28 23:00:00,0.6424333
2026-09-29 00:00:00,0.50962913
2026-09-29 01:00:00,0.37107378
2026-09-29 02:00:00,0.22932774
2026-09-29 03:00:00,0.09077261
2026-09-29 04:00:00,0.057589255
2026-09-29 05:00:00,0.36802968
2026-09-29 06:00:00,0.71052295
2026-09-29 07:00:00,0.90707797
2026-09-29 08:00:00,0.99197626
2026-09-29 09:00:00,0.9468115
2026-09-29 10:00:00,0.7613418
2026-09-29 11:00:00,0.56847477
2026-09-29 12:00:00,0.43343472
2026-09-29 13:00:00,0.29560676
2026-09-29 14:00:00,0.15400094
2026-09-29 15:00:00,0.016350562
2026-09-29 16:00:00,-0.048217975
2026-09-29 17:00:00,0.22013848
2026-09-29 18:00:00,0.59356344
2026-09-29 19:00:00,0.8636548
2026-09-29 20:00:00,1.0287827
2026-09-29 21:00:00,1.0896369
2026-09-29 22:00:00,0.9948865
2026-09-29 23:00:00,0.78428084
2026-09-30 00:00:00,0.62572396
2026-09-30 01:00:00,0.49698392
2026-09-30 02:00:00,0.3648123
2026-09-30 03:00:00,0.22789888
2026-09-30 04:00:00,0.12064525
2026-09-30 05:00:00,0.21795811
2026-09-30 06:00:00,0.5415872
2026-09-30 07:00:00,0.81347364
2026-09-30 08:00:00,0.9390658
2026-09-30 09:00:00,0.9712595
2026-09-30 10:00:00,0.878015
2026-09-30 11:00:00,0.6820091
2026-09-30 12:00:00,0.5154319
2026-09-30 13:00:00,0.38898212
2026-09-30 14:00:00,0.25394127
2026-09-30 15:00:00,0.111784585
2026-09-30 16:00:00,0.001125931
2026-09-30 17:00:00,0.03747987
2026-09-30 18:00:00,0.38051087
2026-09-30 19:00:00,0.7146916
2026-09-30 20:00:00,0.91251147
2026-09-30 21:00:00,1.0335135
2026-09-30 22:00:00,1.0529096
2026-09-30 23:00:00,0.90668637
2026-10-01 00:00:00,0.7190597
2026-10-01 01:00:00,0.58641046
2026-10-01 02:00:00,0.4636058
2026-10-01 03:00:00,0.331296
2026-10-01 04:00:00,0.20037046
2026-10-01 05:00:00,0.13390996
2026-10-01 06:00:00,0.33074936
2026-10-01 07:00:00,0.62713224
2026-10-01 08:00:00,0.82210183
2026-10-01 09:00:00,0.8917747
2026-10-01 10:00:00,0.86324686
2026-10-01 11:00:00,0.72468483
2026-10-01 12:00:00,0.5537129
2026-10-01 13:00:00,0.4175678
2026-10-01 14:00:00,0.28845873
2026-10-01 15:00:00,0.1565685
2026-10-01 16:00:00,0.031259615
2026-10-01 17:00:00,-0.04370109
2026-10-01 18:00:00,0.12896307
2026-10-01 19:00:00,0.4514662
2026-10-01 20:00:00,0.7097913
2026-10-01 21:00:00,0.86032075
2026-10-01 22:00:00,0.94769067
2026-10-01 23:00:00,0.94462025
2026-10-02 00:00:00,0.79266655
2026-10-02 01:00:00,0.63641584
2026-10-02 02:00:00,0.5159274
2026-10-02 03:00:00,0.4005997
2026-10-02 04:00:00,0.28071076
2026-10-02 05:00:00,0.17331825
2026-10-02 06:00:00,0.14719748
2026-10-02 07:00:00,0.34614176
2026-10-02 08:00:00,0.5824232
2026-10-02 09:00:00,0.7103559
2026-10-02 10:00:00,0.7427117
2026-10-02 11:00:00,0.68844813
2026-10-02 12:00:00,0.5548988
2026-10-02 13:00:00,0.40630654
2026-10-02 14:00:00,0.28264096
2026-10-02 15:00:00,0.16412243
2026-10-02 16:00:00,0.049234964
2026-10-02 17:00:00,-0.048376814
2026-10-02 18:00:00,-0.059221532
2026-10-02 19:00:00,0.15864801
2026-10-02 20:00:00,0.43411684
2026-10-02 21:00:00,0.62737995
2026-10-02 22:00:00,0.74949217
2026-10-02 23:00:00,0.82928777
2026-10-03 00:00:00,0.82903594
2026-10-03 01:00:00,0.7092346
2026-10-03 02:00:00,0.5766491
2026-10-03 03:00:00,0.46520686
2026-10-03 04:00:00,0.3620144
2026-10-03 05:00:00,0.259525
2026-10-03 06:00:00,0.16866305
2026-10-03 07:00:00,0.15231644
2026-10-03 08:00:00,0.29902777
2026-10-03 09:00:00,0.48816565
2026-10-03 10:00:00,0.5924338
2026-10-03 11:00:00,0.61137193
2026-10-03 12:00:00,0.5695701
2026-10-03 13:00:00,0.4640681
2026-10-03 14:00:00,0.34268466
2026-10-03 15:00:00,0.2324139
2026-10-03 16:00:00,0.13548516
2026-10-03 17:00:00,0.042889226
2026-10-03 18:00:00,-0.02585294
